timestamp,Open,High,Low,Close,Volume
2024-10-15T00:00:00Z,60452.00000000,62145.50000000,59400.00000000,61519.90000000,780.67050303
2024-10-16T00:00:00Z,61520.00000000,62699.00000000,61282.70000000,62260.10000000,632.91694228
2024-10-17T00:00:00Z,62260.00000000,62501.70000000,61428.00000000,62184.00000000,645.59148217
2024-10-18T00:00:00Z,62187.90000000,63422.40000000,61968.80000000,62958.70000000,630.54489788
2024-10-19T00:00:00Z,62958.70000000,63170.60000000,62600.00000000,62838.30000000,113.25005539
2024-10-20T00:00:00Z,62843.50000000,63696.90000000,62611.00000000,63405.90000000,190.51689570
2024-10-21T00:00:00Z,63405.90000000,63823.00000000,61707.00000000,62232.20000000,532.60046067
2024-10-22T00:00:00Z,62232.10000000,63150.00000000,61555.00000000,62397.20000000,501.84316946
2024-10-23T00:00:00Z,62397.10000000,62414.90000000,60525.00000000,61800.10000000,715.75710265
2024-10-24T00:00:00Z,61800.10000000,63490.00000000,61626.70000000,62957.90000000,547.46254276
2024-10-25T00:00:00Z,62958.00000000,63433.20000000,60813.60000000,61785.30000000,591.90907324
2024-10-26T00:00:00Z,61725.10000000,62390.90000000,61536.00000000,62129.00000000,140.80647506
2024-10-27T00:00:00Z,62129.10000000,63152.20000000,62000.00000000,62915.90000000,260.24839467
2024-10-28T00:00:00Z,62914.20000000,64849.90000000,62646.30000000,64551.50000000,782.94554707
2024-10-29T00:00:00Z,64551.50000000,67999.00000000,64410.00000000,67124.20000000,2010.41124083
2024-10-30T00:00:00Z,67124.20000000,67148.60000000,65916.70000000,66600.30000000,670.65747827
2024-10-31T00:00:00Z,66600.20000000,66831.00000000,64017.40000000,64531.90000000,640.85306688
2024-11-01T00:00:00Z,64537.40000000,65888.00000000,63250.00000000,64170.50000000,415.15612779
2024-11-02T00:00:00Z,64170.50000000,64509.10000000,63802.00000000,64040.00000000,113.80829997
2024-11-03T00:00:00Z,64040.00000000,64089.60000000,62301.00000000,63309.90000000,654.92462891
2024-11-04T00:00:00Z,63309.90000000,63748.70000000,61431.30000000,62364.00000000,415.47503283
2024-11-05T00:00:00Z,62363.30000000,64587.30000000,62062.10000000,63482.70000000,623.51064846
2024-11-06T00:00:00Z,63483.20000000,71106.70000000,63401.40000000,70390.00000000,2401.85739908
2024-11-07T00:00:00Z,70390.00000000,71141.80000000,69000.00000000,70301.10000000,890.73128758
2024-11-08T00:00:00Z,70316.20000000,72100.00000000,70148.00000000,71456.50000000,714.69982593
2024-11-09T00:00:00Z,71448.80000000,71782.00000000,70685.10000000,71565.60000000,342.24013036
2024-11-10T00:00:00Z,71562.00000000,75700.00000000,71430.80000000,74864.80000000,1877.03637487
2024-11-11T00:00:00Z,74851.00000000,82188.00000000,74673.30000000,82187.90000000,3367.51380356
2024-11-12T00:00:00Z,82188.00000000,84300.00000000,78235.70000000,82488.00000000,2479.90996631
2024-11-13T00:00:00Z,82456.00000000,87900.00000000,80751.00000000,85446.00000000,2426.23426767
2024-11-14T00:00:00Z,85446.00000000,87000.00000000,82300.30000000,82884.80000000,1404.41403729
2024-11-15T00:00:00Z,82907.00000000,87040.00000000,82677.00000000,86291.40000000,1077.91816960
2024-11-16T00:00:00Z,86272.00000000,86869.00000000,85278.00000000,85643.20000000,542.68664403
2024-11-17T00:00:00Z,85710.10000000,86400.00000000,84095.00000000,85101.00000000,331.99362525
2024-11-18T00:00:00Z,85101.00000000,87489.00000000,84611.30000000,85430.90000000,993.38141379
2024-11-19T00:00:00Z,85431.00000000,88650.00000000,85328.00000000,87063.10000000,1152.96531175
2024-11-20T00:00:00Z,87063.10000000,90046.30000000,86500.00000000,89111.60000000,1363.92654620
2024-11-21T00:00:00Z,89119.70000000,94246.60000000,89104.40000000,93654.60000000,2354.52921258
2024-11-22T00:00:00Z,93645.10000000,95497.10000000,93165.70000000,94812.30000000,1442.68520893
2024-11-23T00:00:00Z,94819.50000000,94824.00000000,92815.40000000,93311.20000000,612.30922001
2024-11-24T00:00:00Z,93311.30000000,94074.00000000,91333.00000000,93396.00000000,691.79369827
2024-11-25T00:00:00Z,93396.00000000,94289.00000000,88111.10000000,88997.30000000,1520.10953934
2024-11-26T00:00:00Z,88997.20000000,90728.00000000,86628.50000000,87586.80000000,1161.73751068
2024-11-27T00:00:00Z,87593.20000000,92139.10000000,87430.10000000,90828.10000000,1164.45435224
2024-11-28T00:00:00Z,90828.10000000,91533.70000000,89725.00000000,90557.50000000,498.71582730
2024-11-29T00:00:00Z,90557.50000000,93433.20000000,90298.80000000,92169.30000000,663.33871485
2024-11-30T00:00:00Z,92169.40000000,92172.00000000,90790.00000000,91134.50000000,291.86903597
2024-12-01T00:00:00Z,91134.50000000,92566.90000000,90531.60000000,92133.00000000,289.78948215
2024-12-02T00:00:00Z,92128.30000000,93000.00000000,90000.00000000,91261.70000000,679.81996792
2024-12-03T00:00:00Z,91259.90000000,91706.40000000,88930.80000000,91239.30000000,557.06379558
2024-12-04T00:00:00Z,91233.00000000,94151.20000000,89956.40000000,93734.90000000,1201.64939751
2024-12-05T00:00:00Z,93734.90000000,98053.30000000,86600.00000000,91721.50000000,2637.75420097
2024-12-06T00:00:00Z,91721.60000000,96500.00000000,91211.60000000,94414.30000000,876.64627181
2024-12-07T00:00:00Z,94416.50000000,95054.50000000,93710.00000000,94367.30000000,230.86748801
2024-12-08T00:00:00Z,94367.30000000,95785.40000000,93374.70000000,95578.50000000,366.19263105
2024-12-09T00:00:00Z,95578.60000000,95687.70000000,89094.20000000,92350.50000000,883.44153717
2024-12-10T00:00:00Z,92303.90000000,93418.30000000,89725.30000000,91882.60000000,750.02628932
2024-12-11T00:00:00Z,91882.60000000,96969.70000000,90963.70000000,96240.70000000,945.29788654
2024-12-12T00:00:00Z,96240.80000000,97674.60000000,94750.00000000,95485.10000000,817.41284459
2024-12-13T00:00:00Z,95459.20000000,97000.00000000,94810.00000000,96600.90000000,525.48527014
2024-12-14T00:00:00Z,96600.90000000,97640.00000000,95860.00000000,96510.90000000,219.92392850
2024-12-15T00:00:00Z,96511.00000000,99550.00000000,96403.00000000,98902.10000000,600.58289453
2024-12-16T00:00:00Z,98902.10000000,102395.60000000,98400.00000000,100539.80000000,1928.91141893
2024-12-17T00:00:00Z,100539.80000000,102888.00000000,100229.90000000,101091.50000000,1706.63436967
2024-12-18T00:00:00Z,101091.50000000,101380.00000000,96690.00000000,96776.90000000,839.97870708
2024-12-19T00:00:00Z,96778.50000000,98680.00000000,92139.80000000,94050.00000000,1263.92285326
2024-12-20T00:00:00Z,94041.40000000,94534.90000000,88593.70000000,93844.00000000,1657.75899874
2024-12-21T00:00:00Z,93844.10000000,95678.80000000,92592.80000000,93378.50000000,371.50239131
2024-12-22T00:00:00Z,93417.40000000,93565.60000000,90386.50000000,91182.70000000,461.00513234
2024-12-23T00:00:00Z,91182.60000000,92746.40000000,88866.70000000,91100.00000000,794.06834946
2024-12-24T00:00:00Z,91100.00000000,95645.90000000,89831.70000000,94853.30000000,519.40811820
2024-12-25T00:00:00Z,94840.80000000,95659.40000000,93878.80000000,95526.10000000,277.07069824
2024-12-26T00:00:00Z,95580.20000000,96031.20000000,91473.20000000,91791.60000000,353.20662930
2024-12-27T00:00:00Z,91809.00000000,93476.00000000,89677.30000000,90372.00000000,469.93490343
2024-12-28T00:00:00Z,90372.00000000,91560.50000000,90251.00000000,91224.80000000,219.11238649
2024-12-29T00:00:00Z,91224.80000000,91266.10000000,89031.60000000,89712.00000000,350.11438278
2024-12-30T00:00:00Z,89712.00000000,91199.00000000,87910.10000000,89089.90000000,694.19807544
2024-12-31T00:00:00Z,89089.90000000,92606.90000000,88318.10000000,90106.40000000,540.98792239
2025-01-01T00:00:00Z,90167.30000000,91737.40000000,89646.20000000,91186.00000000,172.24210500
2025-01-02T00:00:00Z,91190.30000000,95234.50000000,91028.00000000,94390.80000000,559.50008105
2025-01-03T00:00:00Z,94390.50000000,96035.10000000,93385.40000000,95225.50000000,405.02506619
2025-01-04T00:00:00Z,95245.70000000,95800.00000000,94679.50000000,95293.30000000,140.39440534
2025-01-05T00:00:00Z,95293.80000000,95839.20000000,94450.00000000,95431.70000000,144.71388757
2025-01-06T00:00:00Z,95430.20000000,98580.00000000,94900.00000000,98412.50000000,571.55237838
2025-01-07T00:00:00Z,98412.50000000,98908.00000000,92881.80000000,93801.20000000,720.84911378
2025-01-08T00:00:00Z,93798.90000000,94020.40000000,89901.00000000,92219.00000000,576.62008749
2025-01-09T00:00:00Z,92219.00000000,92468.20000000,88643.20000000,89936.70000000,562.20010970
2025-01-10T00:00:00Z,89938.40000000,93474.40000000,89881.90000000,92503.30000000,487.48755590
2025-01-11T00:00:00Z,92503.30000000,92677.90000000,91629.00000000,92251.30000000,132.27845672
2025-01-12T00:00:00Z,92250.50000000,92998.00000000,91500.00000000,92249.50000000,132.10615925
2025-01-13T00:00:00Z,92249.60000000,93599.00000000,87400.00000000,92100.90000000,887.38346183
2025-01-14T00:00:00Z,92100.90000000,94839.00000000,92002.30000000,93689.90000000,492.13490721
2025-01-15T00:00:00Z,93696.10000000,97777.00000000,93636.80000000,97499.90000000,695.13998530
2025-01-16T00:00:00Z,97500.00000000,97796.10000000,94748.50000000,96994.30000000,486.93088574
2025-01-17T00:00:00Z,96994.30000000,102881.20000000,96971.10000000,101164.10000000,1264.06137298
2025-01-18T00:00:00Z,101164.10000000,101777.00000000,99149.90000000,101466.60000000,373.82880182
2025-01-19T00:00:00Z,101466.60000000,103498.00000000,96978.30000000,98550.10000000,1027.13999955
2025-01-20T00:00:00Z,98527.60000000,105884.00000000,96779.40000000,98011.00000000,2057.95577762
2025-01-21T00:00:00Z,98076.70000000,102800.00000000,96550.00000000,102008.20000000,716.56474275
2025-01-22T00:00:00Z,102000.70000000,102049.20000000,99223.60000000,99650.70000000,385.64170722
2025-01-23T00:00:00Z,99650.70000000,102716.80000000,97235.90000000,99803.90000000,1116.68209884
2025-01-24T00:00:00Z,99803.90000000,101932.40000000,98500.00000000,99954.50000000,450.62943771
2025-01-25T00:00:00Z,99955.00000000,100339.80000000,99358.10000000,99857.80000000,140.65485556
2025-01-26T00:00:00Z,99857.80000000,100500.00000000,98021.00000000,98048.10000000,183.19809702
2025-01-27T00:00:00Z,98048.10000000,98685.40000000,93501.00000000,97753.90000000,1146.30769175
2025-01-28T00:00:00Z,97754.00000000,99347.30000000,96120.00000000,97170.90000000,490.47520224
2025-01-29T00:00:00Z,97170.90000000,100500.00000000,97106.30000000,99490.30000000,417.54851329
2025-01-30T00:00:00Z,99502.00000000,101897.90000000,99099.00000000,100709.00000000,467.57683607
2025-01-31T00:00:00Z,100711.70000000,101932.40000000,98000.00000000,98888.80000000,489.83467976
2025-02-01T00:00:00Z,98888.80000000,99225.00000000,97100.00000000,97362.10000000,207.88813406
2025-02-02T00:00:00Z,97362.10000000,98096.20000000,93774.00000000,95400.40000000,864.08388080
2025-02-03T00:00:00Z,95400.40000000,99319.20000000,89118.40000000,98267.50000000,1705.28037870
2025-02-04T00:00:00Z,98267.50000000,98720.20000000,92777.00000000,94329.80000000,663.01028320
2025-02-05T00:00:00Z,94329.80000000,95345.70000000,92500.00000000,92950.00000000,263.02333122
2025-02-06T00:00:00Z,92950.00000000,95708.50000000,92245.40000000,93047.50000000,354.36088122
2025-02-07T00:00:00Z,93047.50000000,96475.20000000,92671.50000000,93545.40000000,391.24678759
2025-02-08T00:00:00Z,93545.40000000,93902.10000000,92843.10000000,93537.60000000,121.34982814
2025-02-09T00:00:00Z,93537.60000000,94280.40000000,92125.20000000,93600.10000000,178.29922802
2025-02-10T00:00:00Z,93600.10000000,95291.70000000,92522.00000000,94589.00000000,400.25636001
2025-02-11T00:00:00Z,94591.50000000,95538.00000000,91532.10000000,92453.00000000,457.12631336
2025-02-12T00:00:00Z,92452.50000000,94434.30000000,91234.10000000,94172.80000000,512.12848860
2025-02-13T00:00:00Z,94169.10000000,94280.00000000,91406.00000000,92358.80000000,314.90804856
2025-02-14T00:00:00Z,92358.80000000,94080.00000000,91800.00000000,92952.00000000,383.29255730
2025-02-15T00:00:00Z,92952.00000000,93409.60000000,92755.90000000,93085.10000000,97.38646002
2025-02-16T00:00:00Z,93085.10000000,93200.00000000,91690.80000000,91751.10000000,110.80738141
2025-02-17T00:00:00Z,91751.10000000,92582.90000000,90899.90000000,91367.80000000,351.80090255
2025-02-18T00:00:00Z,91367.80000000,92500.00000000,89438.40000000,91449.40000000,587.49836199
2025-02-19T00:00:00Z,91449.40000000,92800.00000000,90927.90000000,92670.80000000,281.02755605
2025-02-20T00:00:00Z,92670.80000000,93997.00000000,92474.00000000,93673.10000000,272.58466930
2025-02-21T00:00:00Z,93673.10000000,94975.40000000,90659.90000000,91974.30000000,508.47352055
2025-02-22T00:00:00Z,91974.30000000,92690.70000000,91605.40000000,92342.20000000,98.24288567
2025-02-23T00:00:00Z,92342.20000000,92449.90000000,91112.80000000,91900.10000000,94.56751986
2025-02-24T00:00:00Z,91900.10000000,92099.40000000,87346.30000000,87524.90000000,552.74439845
2025-02-25T00:00:00Z,87524.90000000,88360.10000000,81818.00000000,84316.10000000,1525.99655055
2025-02-26T00:00:00Z,84316.10000000,85007.00000000,78300.00000000,80139.90000000,1234.50535416
2025-02-27T00:00:00Z,80162.20000000,83000.00000000,79410.00000000,81355.80000000,692.56936572
2025-02-28T00:00:00Z,81355.80000000,81986.70000000,75200.00000000,81334.00000000,1759.58778896
2025-03-01T00:00:00Z,81300.10000000,83397.20000000,80770.50000000,83020.30000000,354.34408272
2025-03-02T00:00:00Z,83020.30000000,91789.00000000,82042.70000000,90595.90000000,1114.65972256
2025-03-03T00:00:00Z,90598.20000000,90729.20000000,81123.80000000,82141.80000000,1407.30680318
2025-03-04T00:00:00Z,82141.80000000,83697.10000000,77672.00000000,82148.10000000,1242.44269228
2025-03-05T00:00:00Z,82149.80000000,84965.90000000,81370.30000000,83986.70000000,572.97491498
2025-03-06T00:00:00Z,83986.70000000,85876.80000000,81450.10000000,83398.70000000,478.55182142
2025-03-07T00:00:00Z,83398.70000000,84545.80000000,78577.10000000,80098.00000000,1255.85526995
2025-03-08T00:00:00Z,80098.00000000,80179.00000000,78739.90000000,79613.10000000,229.78063032
2025-03-09T00:00:00Z,79611.20000000,79847.60000000,73725.00000000,74311.20000000,691.24901120
2025-03-10T00:00:00Z,74319.70000000,77540.50000000,71529.30000000,72461.60000000,1084.84573075
2025-03-11T00:00:00Z,72474.90000000,76472.60000000,70605.00000000,75996.80000000,1009.01618824
2025-03-12T00:00:00Z,76002.30000000,77428.70000000,73912.60000000,76986.00000000,551.13900754
2025-03-13T00:00:00Z,76908.90000000,77390.00000000,73620.00000000,74722.90000000,475.74824493
2025-03-14T00:00:00Z,74725.20000000,78446.00000000,74501.60000000,77249.10000000,649.19152508
2025-03-15T00:00:00Z,77249.10000000,77851.00000000,76945.20000000,77580.50000000,227.22422164
2025-03-16T00:00:00Z,77580.50000000,78199.90000000,75378.80000000,75929.90000000,212.28117981
2025-03-17T00:00:00Z,75926.30000000,77619.60000000,75655.30000000,76980.40000000,362.93120627
2025-03-18T00:00:00Z,76956.80000000,76956.80000000,74250.00000000,75593.90000000,401.37891659
2025-03-19T00:00:00Z,75593.90000000,79764.30000000,75515.00000000,79618.70000000,526.78207901
2025-03-20T00:00:00Z,79618.80000000,80100.00000000,77107.20000000,77572.80000000,394.93987973
2025-03-21T00:00:00Z,77572.80000000,78300.00000000,76824.00000000,77677.10000000,381.69183452
2025-03-22T00:00:00Z,77677.10000000,78142.30000000,77351.90000000,77487.50000000,71.41321508
2025-03-23T00:00:00Z,77487.60000000,79426.50000000,77454.50000000,79410.80000000,141.97523551
2025-03-24T00:00:00Z,79411.20000000,82069.50000000,79001.20000000,81006.90000000,547.77229221
2025-03-25T00:00:00Z,81014.10000000,82003.00000000,79963.60000000,81127.00000000,342.80545165
2025-03-26T00:00:00Z,81053.30000000,81862.30000000,78000.00000000,80893.70000000,506.33425771
2025-03-27T00:00:00Z,80893.80000000,81394.00000000,79562.30000000,80749.60000000,333.49236263
2025-03-28T00:00:00Z,80749.60000000,81014.90000000,77250.30000000,77929.50000000,419.93320822
2025-03-29T00:00:00Z,77929.50000000,78134.40000000,75453.70000000,76379.00000000,308.72703796
2025-03-30T00:00:00Z,76379.00000000,77182.40000000,75480.10000000,76092.20000000,150.73087705
2025-03-31T00:00:00Z,76114.30000000,77647.30000000,75082.60000000,76292.40000000,506.61871941
2025-04-01T00:00:00Z,76293.70000000,79200.00000000,76153.40000000,78905.30000000,434.53723905
2025-04-02T00:00:00Z,78905.90000000,81299.90000000,75658.70000000,75658.70000000,744.37712305
2025-04-03T00:00:00Z,75673.40000000,76885.40000000,73114.80000000,75260.10000000,740.76754000
2025-04-04T00:00:00Z,75299.10000000,77260.00000000,73920.00000000,76519.90000000,610.03720030
2025-04-05T00:00:00Z,76528.20000000,76856.10000000,75175.00000000,76155.30000000,180.14097651
2025-04-06T00:00:00Z,76181.20000000,76397.70000000,69952.30000000,71241.40000000,904.59330120
2025-04-07T00:00:00Z,71242.90000000,74128.50000000,67500.00000000,72530.50000000,1650.32105794
2025-04-08T00:00:00Z,72530.50000000,73730.80000000,69432.40000000,69467.30000000,720.33607276
2025-04-09T00:00:00Z,69467.30000000,76335.70000000,67638.60000000,75446.90000000,1363.26476935
2025-04-10T00:00:00Z,75446.00000000,75500.00000000,70104.70000000,70719.00000000,600.70731918
2025-04-11T00:00:00Z,70703.60000000,74551.00000000,69849.00000000,73409.90000000,715.73558036
2025-04-12T00:00:00Z,73410.00000000,75704.90000000,72947.30000000,75155.10000000,243.38670395
2025-04-13T00:00:00Z,75144.10000000,75840.70000000,73300.00000000,73839.00000000,288.07654583
2025-04-14T00:00:00Z,73839.10000000,75580.40000000,73663.70000000,74608.40000000,513.33274189
2025-04-15T00:00:00Z,74638.70000000,76384.40000000,74070.90000000,74090.30000000,414.88588318
2025-04-16T00:00:00Z,74090.30000000,75166.70000000,73111.00000000,73721.60000000,404.19692595
2025-04-17T00:00:00Z,73727.20000000,75250.00000000,73677.60000000,74689.80000000,384.20259868
2025-04-18T00:00:00Z,74695.50000000,74811.10000000,74065.50000000,74146.70000000,104.12866757
2025-04-19T00:00:00Z,74146.70000000,75118.20000000,74100.10000000,74673.70000000,100.74352000
2025-04-20T00:00:00Z,74673.70000000,74894.50000000,73801.00000000,74437.80000000,249.91715374
2025-04-21T00:00:00Z,74435.50000000,76890.30000000,74339.10000000,75982.80000000,548.44181857
2025-04-22T00:00:00Z,75982.80000000,82621.10000000,75809.90000000,82306.00000000,907.57239562
2025-04-23T00:00:00Z,82318.70000000,83204.80000000,80793.80000000,82725.10000000,845.15403643
2025-04-24T00:00:00Z,82720.30000000,82813.80000000,80607.70000000,82660.20000000,368.47344841
2025-04-25T00:00:00Z,82660.20000000,84322.00000000,81851.50000000,83334.70000000,457.61383694
2025-04-26T00:00:00Z,83336.30000000,83799.20000000,82700.00000000,83310.30000000,115.89849492
2025-04-27T00:00:00Z,83332.60000000,83889.90000000,82500.00000000,82704.00000000,134.99233690
2025-04-28T00:00:00Z,82704.00000000,84246.50000000,81831.00000000,83268.60000000,292.71969786
2025-04-29T00:00:00Z,83317.10000000,83892.20000000,82400.00000000,82790.50000000,259.06399557
2025-04-30T00:00:00Z,82790.00000000,83704.30000000,81712.30000000,83196.80000000,323.72370442
2025-05-01T00:00:00Z,83196.80000000,86330.00000000,83166.50000000,85435.60000000,454.47544253
2025-05-02T00:00:00Z,85435.60000000,86385.60000000,85051.30000000,85775.50000000,428.72827090
2025-05-03T00:00:00Z,85775.60000000,85791.10000000,84836.30000000,84897.60000000,188.07625709
2025-05-04T00:00:00Z,84897.60000000,85275.80000000,83174.40000000,83297.30000000,155.82764805
2025-05-05T00:00:00Z,83297.30000000,84144.80000000,82500.00000000,83768.00000000,364.32774904
2025-05-06T00:00:00Z,83768.00000000,85441.70000000,82271.30000000,85377.30000000,238.56690118
2025-05-07T00:00:00Z,85399.00000000,86188.70000000,84500.10000000,85806.40000000,318.61500182
2025-05-08T00:00:00Z,85806.40000000,92600.00000000,85640.80000000,91903.00000000,853.13992184
2025-05-09T00:00:00Z,91884.70000000,92627.80000000,90742.20000000,91472.70000000,435.13422953
2025-05-10T00:00:00Z,91472.60000000,93111.00000000,91340.30000000,92992.20000000,276.18629753
2025-05-11T00:00:00Z,92992.30000000,93196.10000000,91850.10000000,92667.30000000,238.73150182
2025-05-12T00:00:00Z,92700.00000000,94822.80000000,90835.00000000,92654.90000000,722.71087085
2025-05-13T00:00:00Z,92635.00000000,93810.20000000,91371.10000000,93160.10000000,304.44581248
2025-05-14T00:00:00Z,93160.10000000,93160.10000000,91417.70000000,92564.10000000,371.59973532
2025-05-15T00:00:00Z,92564.10000000,93200.00000000,90646.10000000,92733.70000000,479.62286880
2025-05-16T00:00:00Z,92732.20000000,93800.00000000,92104.30000000,92643.10000000,278.95043990
2025-05-17T00:00:00Z,92643.10000000,92908.70000000,91999.00000000,92420.00000000,193.70200386
2025-05-18T00:00:00Z,92404.10000000,95202.80000000,92369.10000000,95070.90000000,389.60885780
2025-05-19T00:00:00Z,95070.90000000,95600.00000000,90710.10000000,93984.40000000,738.66922585
2025-05-20T00:00:00Z,93997.40000000,95085.90000000,92684.90000000,94626.50000000,561.05637028
2025-05-21T00:00:00Z,94654.90000000,97699.10000000,93520.60000000,96730.10000000,1204.19738539
2025-05-22T00:00:00Z,96719.10000000,99344.00000000,96401.00000000,98936.00000000,1040.51385673
2025-05-23T00:00:00Z,98936.00000000,98995.00000000,94090.10000000,94458.30000000,881.54264511
2025-05-24T00:00:00Z,94458.40000000,96356.10000000,94150.00000000,94901.40000000,216.74434480
2025-05-25T00:00:00Z,94901.40000000,96050.00000000,93980.00000000,95877.10000000,197.13232726
2025-05-26T00:00:00Z,95877.20000000,97056.00000000,95487.00000000,96136.70000000,440.08728780
2025-05-27T00:00:00Z,96136.80000000,97500.00000000,94375.00000000,96111.00000000,429.35588864
2025-05-28T00:00:00Z,96111.00000000,96563.10000000,94585.30000000,95936.10000000,469.68700407
2025-05-29T00:00:00Z,95962.70000000,96525.00000000,92531.30000000,92847.20000000,592.98174084
2025-05-30T00:00:00Z,92847.30000000,93742.00000000,91378.70000000,91716.90000000,620.41360130
2025-05-31T00:00:00Z,91717.00000000,92500.00000000,90948.60000000,92275.30000000,202.31026370
2025-06-01T00:00:00Z,92278.00000000,93210.00000000,91567.40000000,93118.30000000,136.76075632
2025-06-02T00:00:00Z,93118.40000000,93118.40000000,90823.90000000,92465.30000000,312.03816316
2025-06-03T00:00:00Z,92465.30000000,93880.00000000,91933.80000000,92638.80000000,388.42551113
2025-06-04T00:00:00Z,92634.60000000,93153.00000000,91338.40000000,91696.40000000,397.53965406
2025-06-05T00:00:00Z,91696.40000000,92672.50000000,87784.00000000,88700.20000000,596.94851251
2025-06-06T00:00:00Z,88700.30000000,92503.00000000,88404.30000000,91597.20000000,456.64495158
2025-06-07T00:00:00Z,91606.00000000,92953.50000000,91250.30000000,92678.50000000,127.29624233
2025-06-08T00:00:00Z,92678.50000000,93400.00000000,92202.90000000,92750.00000000,124.28899076
2025-06-09T00:00:00Z,92750.10000000,96724.90000000,92306.90000000,96500.00000000,374.88449010
2025-06-10T00:00:00Z,96500.00000000,96520.00000000,94941.00000000,96399.20000000,443.01937400
2025-06-11T00:00:00Z,96399.20000000,96399.20000000,94083.00000000,94410.90000000,418.91366493
2025-06-12T00:00:00Z,94410.60000000,94577.70000000,91130.40000000,91130.50000000,505.12175325
2025-06-13T00:00:00Z,91130.50000000,91950.00000000,89100.00000000,91911.80000000,497.28048244
2025-06-14T00:00:00Z,91910.00000000,91990.00000000,90455.00000000,91366.60000000,88.45238135
2025-06-15T00:00:00Z,91366.60000000,91950.00000000,90623.90000000,91499.90000000,297.88655473
2025-06-16T00:00:00Z,91500.00000000,94222.00000000,90940.20000000,92443.40000000,407.31643698
2025-06-17T00:00:00Z,92440.10000000,93182.00000000,89924.10000000,91076.10000000,470.75449733
2025-06-18T00:00:00Z,91076.10000000,91766.70000000,90207.10000000,91408.00000000,411.06305214
2025-06-19T00:00:00Z,91408.00000000,91746.40000000,90578.30000000,90909.10000000,242.23537119
2025-06-20T00:00:00Z,90909.10000000,92469.10000000,88751.00000000,89670.80000000,437.94182552
2025-06-21T00:00:00Z,89679.30000000,90300.00000000,87670.00000000,88704.10000000,218.90389303
2025-06-22T00:00:00Z,88727.00000000,89781.10000000,85331.50000000,87825.20000000,877.31827398
2025-06-23T00:00:00Z,87824.00000000,91440.00000000,86512.30000000,90920.90000000,659.18166015
2025-06-24T00:00:00Z,90894.90000000,91500.00000000,90326.10000000,91349.90000000,439.54015889
2025-06-25T00:00:00Z,91350.00000000,93240.00000000,91166.60000000,91958.80000000,511.58675948
2025-06-26T00:00:00Z,91958.90000000,92598.50000000,91186.60000000,91496.20000000,358.84311773
2025-06-27T00:00:00Z,91509.70000000,92076.90000000,90809.40000000,91449.00000000,231.20563221
2025-06-28T00:00:00Z,91455.30000000,91835.30000000,88819.00000000,91604.70000000,199.29934871
2025-06-29T00:00:00Z,91604.70000000,92551.10000000,91521.10000000,92415.90000000,156.61691275
2025-06-30T00:00:00Z,92416.00000000,92802.70000000,90800.00000000,90961.90000000,299.78166717
2025-07-01T00:00:00Z,90925.20000000,91198.40000000,89171.10000000,89509.10000000,376.36352790
2025-07-02T00:00:00Z,89509.10000000,93067.00000000,89099.70000000,92250.00000000,430.23888118
2025-07-03T00:00:00Z,92250.00000000,93900.00000000,92070.00000000,93150.00000000,368.71628655
2025-07-04T00:00:00Z,93150.00000000,93318.90000000,91200.00000000,91783.80000000,353.42345157
2025-07-05T00:00:00Z,91783.80000000,92072.00000000,91628.50000000,91930.00000000,141.23837635
2025-07-06T00:00:00Z,91930.00000000,93099.90000000,91607.30000000,92720.10000000,158.06510187
2025-07-07T00:00:00Z,92720.10000000,93133.60000000,91979.10000000,92267.30000000,211.84538620
2025-07-08T00:00:00Z,92255.60000000,93250.00000000,91551.70000000,92924.70000000,266.00820881
2025-07-09T00:00:00Z,92939.20000000,95447.80000000,92624.30000000,94854.80000000,495.86330178
2025-07-10T00:00:00Z,94825.70000000,99600.00000000,94437.50000000,98827.80000000,959.51645702
2025-07-11T00:00:00Z,98830.00000000,101200.00000000,98402.60000000,99965.00000000,1091.58399093
2025-07-12T00:00:00Z,99965.10000000,100500.00000000,99375.70000000,99799.90000000,280.16393460
2025-07-13T00:00:00Z,99800.00000000,101672.40000000,99685.70000000,101590.20000000,366.26986505
2025-07-14T00:00:00Z,101590.20000000,104409.00000000,101370.00000000,102610.80000000,1122.79666168
2025-07-15T00:00:00Z,102610.90000000,102626.00000000,99470.60000000,101426.80000000,709.37236524
2025-07-16T00:00:00Z,101426.80000000,103123.00000000,100800.40000000,102003.20000000,418.07437638
2025-07-17T00:00:00Z,102003.30000000,104191.90000000,101342.00000000,102549.60000000,405.03328377
2025-07-18T00:00:00Z,102549.80000000,103932.80000000,100500.00000000,101452.80000000,328.71918598
2025-07-19T00:00:00Z,101452.80000000,101905.90000000,100950.00000000,101367.50000000,86.02701065
2025-07-20T00:00:00Z,101367.50000000,102118.00000000,100105.00000000,100834.40000000,156.76817306
2025-07-21T00:00:00Z,100820.30000000,102680.70000000,99815.00000000,100408.10000000,374.81376884
2025-07-22T00:00:00Z,100408.10000000,102312.90000000,99501.00000000,102203.60000000,343.76536115
2025-07-23T00:00:00Z,102203.60000000,102260.00000000,99755.40000000,100853.70000000,320.68330562
2025-07-24T00:00:00Z,100853.70000000,101594.40000000,99755.40000000,100697.80000000,253.88358485
2025-07-25T00:00:00Z,100709.40000000,100829.30000000,97692.40000000,100070.00000000,415.34655697
2025-07-26T00:00:00Z,100070.00000000,100735.60000000,99770.40000000,100384.30000000,125.61653367
2025-07-27T00:00:00Z,100384.90000000,101835.00000000,100334.50000000,101575.80000000,168.20472537
2025-07-28T00:00:00Z,101575.80000000,102500.00000000,101223.20000000,101800.00000000,319.07140721
2025-07-29T00:00:00Z,101805.30000000,103229.60000000,101350.00000000,102088.40000000,330.41964267
2025-07-30T00:00:00Z,102088.50000000,103375.00000000,101300.00000000,103073.80000000,321.60114398
2025-07-31T00:00:00Z,103073.80000000,103979.80000000,101253.40000000,101384.80000000,309.54181872
2025-08-01T00:00:00Z,101390.30000000,101668.90000000,97334.80000000,97840.10000000,594.03727668
2025-08-02T00:00:00Z,97847.00000000,98586.50000000,96805.70000000,97205.70000000,236.37340522
2025-08-03T00:00:00Z,97216.80000000,99248.90000000,96667.40000000,98640.20000000,239.57687832
2025-08-04T00:00:00Z,98640.20000000,100000.00000000,98557.30000000,99362.90000000,237.52834810
2025-08-05T00:00:00Z,99362.90000000,99759.00000000,97414.10000000,98584.10000000,250.53067743
2025-08-06T00:00:00Z,98561.90000000,99299.70000000,97816.20000000,98644.80000000,198.28232064
2025-08-07T00:00:00Z,98644.80000000,100848.30000000,97942.70000000,100619.00000000,281.01096925
2025-08-08T00:00:00Z,100623.10000000,100825.00000000,99382.20000000,100158.10000000,235.22365078
2025-08-09T00:00:00Z,100158.10000000,100938.10000000,99600.40000000,99642.70000000,203.23231792
2025-08-10T00:00:00Z,99642.70000000,102222.10000000,99642.60000000,102222.10000000,185.93932474
2025-08-11T00:00:00Z,102222.10000000,104597.00000000,101687.30000000,102188.50000000,676.53268997
2025-08-12T00:00:00Z,102188.50000000,102925.00000000,101841.00000000,102829.90000000,252.73075200
2025-08-13T00:00:00Z,102795.10000000,105000.00000000,101777.30000000,104900.00000000,553.71603854
2025-08-14T00:00:00Z,104900.10000000,106777.00000000,100794.40000000,101620.60000000,1011.76476947
2025-08-15T00:00:00Z,101621.90000000,102341.10000000,99750.00000000,100397.10000000,360.23578633
2025-08-16T00:00:00Z,100417.60000000,100891.90000000,100309.60000000,100522.90000000,121.93121195
2025-08-17T00:00:00Z,100523.00000000,101406.00000000,100358.00000000,100358.10000000,113.66772875
2025-08-18T00:00:00Z,100358.10000000,100399.00000000,98212.60000000,99657.90000000,410.83226166
2025-08-19T00:00:00Z,99657.90000000,100161.30000000,96843.70000000,96964.20000000,379.33551164
2025-08-20T00:00:00Z,96963.80000000,98375.30000000,96430.00000000,98101.90000000,302.68362305
2025-08-21T00:00:00Z,98101.90000000,98500.00000000,96516.40000000,96834.90000000,273.56956407
2025-08-22T00:00:00Z,96860.90000000,100100.00000000,96200.00000000,99248.70000000,474.77888767
2025-08-23T00:00:00Z,99248.80000000,99321.90000000,97261.10000000,97922.70000000,124.10601185
2025-08-24T00:00:00Z,97922.70000000,98089.20000000,94000.00000000,96824.50000000,287.85387802
2025-08-25T00:00:00Z,96831.50000000,97045.80000000,94130.00000000,94854.40000000,485.62478381
2025-08-26T00:00:00Z,94854.40000000,96565.30000000,93352.60000000,96072.70000000,366.71167143
2025-08-27T00:00:00Z,96072.70000000,97214.30000000,95330.70000000,95526.70000000,399.37025062
2025-08-28T00:00:00Z,95526.70000000,97474.10000000,95300.00000000,96350.10000000,278.47446714
2025-08-29T00:00:00Z,96350.10000000,96402.40000000,92088.00000000,92803.70000000,844.48111717
2025-08-30T00:00:00Z,92803.70000000,93275.70000000,92000.00000000,93198.40000000,142.21028077
2025-08-31T00:00:00Z,93200.00000000,93737.10000000,92500.00000000,92600.00000000,99.08213787
2025-09-01T00:00:00Z,92600.00000000,93670.00000000,91620.60000000,93269.50000000,401.08630851
2025-09-02T00:00:00Z,93269.50000000,95800.00000000,93022.60000000,95583.20000000,323.81311783
2025-09-03T00:00:00Z,95589.10000000,96499.10000000,95046.80000000,95830.20000000,285.80568908
2025-09-04T00:00:00Z,95830.20000000,96230.00000000,93698.30000000,95001.00000000,366.22021009
2025-09-05T00:00:00Z,95001.10000000,96747.50000000,94066.90000000,94497.60000000,423.46049321
2025-09-06T00:00:00Z,94508.80000000,95000.00000000,93986.80000000,94123.90000000,148.11581563
2025-09-07T00:00:00Z,94123.90000000,95240.00000000,94123.90000000,94900.60000000,99.78744826
2025-09-08T00:00:00Z,94897.50000000,96092.40000000,94500.00000000,95232.00000000,280.48406460
2025-09-09T00:00:00Z,95232.00000000,96241.40000000,94391.40000000,95291.40000000,246.77936941
2025-09-10T00:00:00Z,95300.00000000,97490.00000000,94875.00000000,97355.10000000,541.24863934
2025-09-11T00:00:00Z,97355.20000000,98392.00000000,96761.10000000,98392.00000000,534.42127563
2025-09-12T00:00:00Z,98392.00000000,99435.30000000,97965.30000000,98839.30000000,376.24511044
2025-09-13T00:00:00Z,98839.30000000,99051.60000000,97800.00000000,98537.90000000,107.42096418
2025-09-14T00:00:00Z,98537.90000000,98920.00000000,97950.00000000,98368.20000000,130.73399041
2025-09-15T00:00:00Z,98368.30000000,99500.00000000,97301.00000000,98085.90000000,250.17355047
2025-09-16T00:00:00Z,98086.00000000,98600.00000000,97100.00000000,98400.00000000,271.78469322
2025-09-17T00:00:00Z,98400.10000000,99042.70000000,96800.00000000,98480.60000000,308.87705209
2025-09-18T00:00:00Z,98480.60000000,100075.20000000,98300.10000000,99345.30000000,428.73890559
2025-09-19T00:00:00Z,99345.30000000,99700.00000000,98104.70000000,98556.10000000,256.86908530
2025-09-20T00:00:00Z,98556.20000000,98949.90000000,98396.80000000,98612.30000000,50.70968935
2025-09-21T00:00:00Z,98612.30000000,98708.00000000,98198.80000000,98259.60000000,81.84001312
2025-09-22T00:00:00Z,98250.90000000,98430.20000000,95000.00000000,95574.30000000,566.23849126
2025-09-23T00:00:00Z,95575.00000000,96072.50000000,94462.20000000,94832.00000000,248.65673457
2025-09-24T00:00:00Z,94832.00000000,97117.40000000,94200.00000000,96534.50000000,319.81005069
2025-09-25T00:00:00Z,96557.70000000,96702.20000000,93270.00000000,93540.40000000,525.10294138
2025-09-26T00:00:00Z,93533.60000000,94361.30000000,93126.00000000,93833.80000000,294.94046967
2025-09-27T00:00:00Z,93833.80000000,93881.40000000,93400.00000000,93820.60000000,55.69918071
2025-09-28T00:00:00Z,93820.60000000,96027.50000000,93450.00000000,95864.90000000,129.08664893
2025-09-29T00:00:00Z,95865.00000000,97580.00000000,95151.10000000,97520.00000000,279.22077964
2025-09-30T00:00:00Z,97503.30000000,97970.60000000,95920.00000000,97196.90000000,289.57898920
2025-10-01T00:00:00Z,97196.90000000,101073.00000000,97100.10000000,101065.50000000,619.43639590
2025-10-02T00:00:00Z,101065.60000000,103166.20000000,100731.80000000,102783.50000000,653.94056119
2025-10-03T00:00:00Z,102783.50000000,105335.40000000,101610.00000000,103991.10000000,729.03203958
2025-10-04T00:00:00Z,104011.40000000,104499.40000000,103128.10000000,103987.50000000,198.50914132
2025-10-05T00:00:00Z,104000.00000000,106227.90000000,103588.10000000,105048.90000000,520.27039898
2025-10-06T00:00:00Z,105048.90000000,107424.90000000,104850.00000000,106275.90000000,828.15823395
2025-10-07T00:00:00Z,106251.40000000,107200.00000000,103462.70000000,104184.30000000,485.05473424
2025-10-08T00:00:00Z,104158.00000000,106955.00000000,104154.50000000,106029.70000000,336.92649494
2025-10-09T00:00:00Z,106029.60000000,106606.00000000,103637.30000000,105192.90000000,705.16865149
2025-10-10T00:00:00Z,105198.80000000,105909.00000000,91211.00000000,98380.10000000,1419.33120193
2025-10-11T00:00:00Z,98364.50000000,98665.80000000,95628.10000000,96640.50000000,764.50719654
2025-10-12T00:00:00Z,96649.70000000,100249.90000000,95600.00000000,99268.50000000,644.96143755
2025-10-13T00:00:00Z,99268.50000000,100300.00000000,98320.60000000,99691.80000000,386.68087819
2025-10-14T00:00:00Z,99721.70000000,99955.00000000,95113.00000000,97570.70000000,577.63614836
2025-10-15T00:00:00Z,97559.30000000,97815.20000000,94810.10000000,95164.60000000,668.74168444
2025-10-16T00:00:00Z,95164.70000000,96156.30000000,92010.00000000,92534.50000000,685.60280724
2025-10-17T00:00:00Z,92534.50000000,93339.00000000,88522.20000000,91459.20000000,921.00233630
2025-10-18T00:00:00Z,91459.20000000,92398.80000000,91406.30000000,92099.00000000,155.44654553
2025-10-19T00:00:00Z,92099.00000000,94130.60000000,91200.00000000,93283.60000000,262.48494285
2025-10-20T00:00:00Z,93283.60000000,95843.20000000,92186.70000000,95000.10000000,446.50486153
2025-10-21T00:00:00Z,95000.10000000,98143.30000000,92450.00000000,93421.90000000,569.22296779
2025-10-22T00:00:00Z,93400.20000000,94000.00000000,91727.40000000,92700.10000000,448.86128604
2025-10-23T00:00:00Z,92700.10000000,95821.10000000,92650.00000000,94736.90000000,354.79691515
2025-10-24T00:00:00Z,94736.90000000,96249.90000000,94355.60000000,95465.50000000,290.27534220
2025-10-25T00:00:00Z,95465.60000000,96200.00000000,95223.30000000,96007.50000000,191.19113929
2025-10-26T00:00:00Z,96007.30000000,99076.60000000,95700.00000000,98425.10000000,330.82487222
2025-10-27T00:00:00Z,98425.10000000,100000.00000000,97702.10000000,97921.80000000,522.05542800
2025-10-28T00:00:00Z,97909.50000000,99639.80000000,96396.00000000,96934.30000000,300.86999168
2025-10-29T00:00:00Z,96931.60000000,97738.30000000,94300.00000000,94849.20000000,470.86740785
2025-10-30T00:00:00Z,94848.10000000,96100.00000000,92000.00000000,93620.10000000,544.36555046
2025-10-31T00:00:00Z,93637.80000000,96308.80000000,93621.80000000,94881.40000000,383.42029544
2025-11-01T00:00:00Z,94881.40000000,95650.00000000,94722.30000000,95247.30000000,114.52914275
2025-11-02T00:00:00Z,95247.30000000,96159.40000000,94742.70000000,95814.30000000,170.68273446
2025-11-03T00:00:00Z,95814.30000000,96022.20000000,91450.10000000,92471.20000000,695.85589073
2025-11-04T00:00:00Z,92471.30000000,93149.00000000,86106.30000000,88400.10000000,1502.12390792
2025-11-05T00:00:00Z,88400.10000000,91021.60000000,86090.80000000,90416.50000000,604.06804867
2025-11-06T00:00:00Z,90416.50000000,90538.40000000,86960.00000000,87729.00000000,484.68032738
2025-11-07T00:00:00Z,87729.00000000,89912.50000000,85839.40000000,89307.80000000,578.21415620
2025-11-08T00:00:00Z,89307.90000000,89325.80000000,87720.80000000,88421.20000000,174.77105396
2025-11-09T00:00:00Z,88421.20000000,91135.20000000,87700.00000000,90657.20000000,368.27825890
2025-11-10T00:00:00Z,90657.20000000,92162.40000000,90225.10000000,91690.50000000,571.34013922
2025-11-11T00:00:00Z,91690.50000000,92934.00000000,88448.40000000,88941.20000000,400.15546708
2025-11-12T00:00:00Z,88946.10000000,90989.30000000,87073.70000000,87700.00000000,447.42033468
2025-11-13T00:00:00Z,87700.00000000,89757.50000000,84215.00000000,85777.20000000,928.85909006
2025-11-14T00:00:00Z,85716.70000000,85813.70000000,80790.10000000,81299.90000000,1378.94107613
2025-11-15T00:00:00Z,81300.00000000,83228.60000000,81300.00000000,82279.20000000,321.44233606
2025-11-16T00:00:00Z,82279.30000000,83111.00000000,79889.20000000,81022.10000000,952.14236671
2025-11-17T00:00:00Z,81016.70000000,82774.00000000,78621.00000000,79362.60000000,842.49123921
2025-11-18T00:00:00Z,79362.70000000,80990.30000000,76848.20000000,80216.70000000,1171.28687404
2025-11-19T00:00:00Z,80227.70000000,80241.00000000,76800.00000000,79258.50000000,1008.98151486
2025-11-20T00:00:00Z,79258.50000000,80777.00000000,74587.20000000,75034.40000000,1411.51170074
2025-11-21T00:00:00Z,75034.40000000,75765.00000000,70015.70000000,73930.50000000,1720.40409828
2025-11-22T00:00:00Z,73929.60000000,74285.00000000,72606.90000000,73599.90000000,333.37004639
2025-11-23T00:00:00Z,73600.00000000,76612.40000000,73559.20000000,75483.90000000,759.72267985
2025-11-24T00:00:00Z,75483.90000000,77432.00000000,73961.00000000,76653.20000000,1025.94531913
2025-11-25T00:00:00Z,76653.20000000,76872.40000000,74450.00000000,75540.20000000,573.51902796
2025-11-26T00:00:00Z,75540.20000000,78220.20000000,74606.20000000,78059.60000000,581.32694352
2025-11-27T00:00:00Z,78059.70000000,79439.60000000,77700.00000000,78763.20000000,625.02345863
2025-11-28T00:00:00Z,78763.30000000,80449.90000000,77868.70000000,78470.10000000,589.11849496
2025-11-29T00:00:00Z,78470.10000000,78712.40000000,77900.00000000,78383.20000000,177.64439351
2025-11-30T00:00:00Z,78383.30000000,79374.10000000,77940.00000000,77940.10000000,220.33525225
2025-12-01T00:00:00Z,77940.10000000,77971.10000000,72150.00000000,74358.10000000,1103.14754843
2025-12-02T00:00:00Z,74350.80000000,79475.00000000,74257.00000000,78508.70000000,744.02605515
2025-12-03T00:00:00Z,78520.20000000,80694.20000000,78303.10000000,80116.00000000,628.42980233
2025-12-04T00:00:00Z,80116.00000000,80672.40000000,78074.70000000,79131.30000000,500.34117917
2025-12-05T00:00:00Z,79131.40000000,79589.10000000,75782.40000000,76823.90000000,432.09801068
2025-12-06T00:00:00Z,76823.80000000,77600.00000000,76540.00000000,76756.50000000,193.23846622
2025-12-07T00:00:00Z,76760.60000000,78903.10000000,75444.00000000,77693.90000000,309.81212045
2025-12-08T00:00:00Z,77693.90000000,79179.00000000,77148.00000000,77897.70000000,437.26749807
2025-12-09T00:00:00Z,77897.70000000,81288.30000000,76861.60000000,79672.30000000,680.68274388
2025-12-10T00:00:00Z,79669.40000000,80839.80000000,78625.00000000,78662.60000000,534.81784547
2025-12-11T00:00:00Z,78679.50000000,79729.40000000,76025.30000000,78818.10000000,709.94793298
2025-12-12T00:00:00Z,78835.10000000,79057.70000000,76333.80000000,76952.10000000,439.45674679
2025-12-13T00:00:00Z,76952.10000000,77254.90000000,76502.00000000,76952.20000000,105.14282490
2025-12-14T00:00:00Z,76952.20000000,77116.40000000,74632.80000000,75132.60000000,386.36938057
2025-12-15T00:00:00Z,75132.70000000,76718.90000000,72544.40000000,73545.20000000,795.01834678
2025-12-16T00:00:00Z,73545.20000000,74875.50000000,72557.20000000,74758.50000000,760.92315865
2025-12-17T00:00:00Z,74760.00000000,76875.60000000,72558.10000000,73423.00000000,936.00774785
2025-12-18T00:00:00Z,73408.90000000,76125.00000000,72000.00000000,72898.40000000,693.83231812
2025-12-19T00:00:00Z,72895.30000000,76239.20000000,72585.30000000,75232.10000000,521.95163927
2025-12-20T00:00:00Z,75232.10000000,75552.10000000,74977.00000000,75433.10000000,164.04913743
2025-12-21T00:00:00Z,75433.10000000,76038.50000000,74805.00000000,75665.30000000,184.53640328
2025-12-22T00:00:00Z,75672.70000000,77132.80000000,74785.00000000,75280.20000000,578.28276817
2025-12-23T00:00:00Z,75283.30000000,75538.10000000,73569.40000000,74112.90000000,485.67393797
2025-12-24T00:00:00Z,74113.00000000,74690.80000000,73333.10000000,74393.70000000,606.07529910
2025-12-25T00:00:00Z,74393.70000000,75100.00000000,73789.00000000,74004.60000000,454.02260241
2025-12-26T00:00:00Z,73998.40000000,75962.80000000,73500.00000000,74171.20000000,920.70360167
2025-12-27T00:00:00Z,74171.20000000,74633.00000000,74048.80000000,74557.30000000,135.29337009
2025-12-28T00:00:00Z,74560.00000000,74750.30000000,74124.60000000,74579.00000000,270.16262749
2025-12-29T00:00:00Z,74579.00000000,76655.30000000,73730.10000000,74020.00000000,599.23439564
2025-12-30T00:00:00Z,74020.00000000,75939.00000000,73695.00000000,75262.20000000,575.72557683
2025-12-31T00:00:00Z,75247.00000000,75857.90000000,74153.00000000,74500.10000000,644.75304793
2026-01-01T00:00:00Z,74500.10000000,75580.00000000,74405.60000000,75523.10000000,335.60103286
2026-01-02T00:00:00Z,75523.00000000,77482.90000000,75074.40000000,76784.80000000,530.28134951
2026-01-03T00:00:00Z,76776.10000000,77439.80000000,76206.20000000,77355.10000000,160.60041351
2026-01-04T00:00:00Z,77355.10000000,78331.00000000,77355.00000000,78180.60000000,275.96296724
2026-01-05T00:00:00Z,78172.40000000,80899.90000000,78172.40000000,80150.00000000,826.86360122
2026-01-06T00:00:00Z,80150.10000000,80835.60000000,77952.90000000,80190.80000000,623.82254878
2026-01-07T00:00:00Z,80190.90000000,80191.50000000,77589.50000000,78211.00000000,435.63747951
2026-01-08T00:00:00Z,78191.70000000,78454.60000000,76531.50000000,78101.60000000,320.97410849
2026-01-09T00:00:00Z,78095.30000000,79028.00000000,76963.80000000,77818.80000000,274.48673595
2026-01-10T00:00:00Z,77818.80000000,77999.00000000,77639.80000000,77755.60000000,83.58123974
2026-01-11T00:00:00Z,77755.60000000,78348.40000000,77500.00000000,78175.00000000,194.16011439
2026-01-12T00:00:00Z,78181.90000000,79250.00000000,77052.10000000,78162.40000000,332.73205139
2026-01-13T00:00:00Z,78162.50000000,82952.20000000,78023.00000000,81906.30000000,734.35432096
2026-01-14T00:00:00Z,81908.20000000,84100.00000000,81162.80000000,83258.40000000,801.68282563
2026-01-15T00:00:00Z,83265.30000000,83687.90000000,81726.10000000,82316.70000000,520.32707084
2026-01-16T00:00:00Z,82316.70000000,82557.90000000,81329.40000000,82344.30000000,260.46608018
2026-01-17T00:00:00Z,82344.40000000,82450.00000000,81905.50000000,82090.20000000,101.33538138
2026-01-18T00:00:00Z,82090.20000000,82466.80000000,80524.00000000,80594.60000000,183.83359391
2026-01-19T00:00:00Z,80594.60000000,80594.60000000,78085.70000000,79514.00000000,530.32429352
2026-01-20T00:00:00Z,79514.00000000,79709.90000000,74880.00000000,75314.20000000,666.25547610
2026-01-21T00:00:00Z,75318.80000000,77341.50000000,74485.50000000,76572.50000000,839.00685307
2026-01-22T00:00:00Z,76573.70000000,77269.20000000,75411.90000000,76119.80000000,316.07961969
2026-01-23T00:00:00Z,76129.40000000,77300.00000000,75330.30000000,75683.30000000,345.58828605
2026-01-24T00:00:00Z,75683.30000000,75961.50000000,75301.10000000,75381.40000000,127.07875903
2026-01-25T00:00:00Z,75381.40000000,75445.30000000,72388.30000000,73011.30000000,754.81267099
2026-01-26T00:00:00Z,73011.30000000,74762.60000000,72891.90000000,74338.30000000,491.72171715
2026-01-27T00:00:00Z,74326.90000000,74812.30000000,72805.00000000,74150.10000000,405.87895853
2026-01-28T00:00:00Z,74150.10000000,75784.70000000,73978.50000000,74418.60000000,369.74183594
2026-01-29T00:00:00Z,74447.30000000,74515.00000000,69636.10000000,70660.80000000,1136.62104379
2026-01-30T00:00:00Z,70660.80000000,71185.60000000,67881.90000000,71001.60000000,1308.19609140
2026-01-31T00:00:00Z,71001.60000000,71011.60000000,63742.00000000,66548.40000000,2065.24026662
2026-02-01T00:00:00Z,66551.10000000,67127.10000000,63930.80000000,64904.10000000,1100.63111346
2026-02-02T00:00:00Z,64908.50000000,67175.40000000,62824.10000000,66700.10000000,1191.91946754
2026-02-03T00:00:00Z,66700.10000000,67019.00000000,61747.90000000,64048.20000000,1249.42246995
2026-02-04T00:00:00Z,64054.10000000,65033.70000000,60777.00000000,61870.50000000,1479.71501822
2026-02-05T00:00:00Z,61870.60000000,61978.10000000,52815.00000000,53369.40000000,4277.05237339
2026-02-06T00:00:00Z,53381.20000000,60781.90000000,51650.00000000,59794.60000000,2788.17680873
2026-02-07T00:00:00Z,59799.80000000,60700.00000000,57038.00000000,58746.90000000,737.15343815
2026-02-08T00:00:00Z,58746.90000000,61192.00000000,58383.80000000,59487.30000000,712.27840139
2026-02-09T00:00:00Z,59487.30000000,60400.00000000,57333.10000000,58900.80000000,868.16158500
2026-02-10T00:00:00Z,58900.80000000,59210.90000000,57000.00000000,57888.90000000,685.78074566
2026-02-11T00:00:00Z,57888.90000000,58200.00000000,55421.10000000,56472.00000000,1363.98406966
2026-02-12T00:00:00Z,56452.90000000,57547.70000000,54879.70000000,55789.40000000,804.18911120
2026-02-13T00:00:00Z,55799.80000000,58475.00000000,55481.10000000,58002.30000000,1069.58490559
2026-02-14T00:00:00Z,58000.10000000,59517.90000000,57911.20000000,58901.60000000,546.83937265
2026-02-15T00:00:00Z,58899.80000000,59895.90000000,57350.00000000,57985.30000000,590.15089884
2026-02-16T00:00:00Z,57985.20000000,59136.30000000,56769.10000000,58122.10000000,463.27142188
2026-02-17T00:00:00Z,58113.20000000,58393.00000000,56404.80000000,56938.00000000,501.48466336
2026-02-18T00:00:00Z,56947.30000000,57842.20000000,55879.30000000,56379.60000000,698.28833259
2026-02-19T00:00:00Z,56365.10000000,57063.50000000,55879.30000000,56898.40000000,648.88452395
2026-02-20T00:00:00Z,56916.20000000,58051.70000000,56459.30000000,57706.50000000,798.79054274
2026-02-21T00:00:00Z,57697.90000000,58285.00000000,57300.10000000,57712.60000000,213.54799260
2026-02-22T00:00:00Z,57700.10000000,57933.00000000,57033.90000000,57170.00000000,157.57898401
2026-02-23T00:00:00Z,57170.10000000,57190.10000000,54183.80000000,54811.60000000,1501.89556741
2026-02-24T00:00:00Z,54811.60000000,55121.10000000,53027.50000000,54401.70000000,925.81091492
2026-02-25T00:00:00Z,54418.20000000,59296.80000000,54274.60000000,57544.90000000,1186.17705105
2026-02-26T00:00:00Z,57561.00000000,58270.00000000,56421.00000000,57181.00000000,844.65702218
2026-02-27T00:00:00Z,57181.00000000,57799.90000000,55000.00000000,55800.50000000,840.24515069
2026-02-28T00:00:00Z,55799.70000000,57434.90000000,53437.50000000,56786.10000000,1195.21086237
2026-03-01T00:00:00Z,56769.00000000,57766.90000000,55221.30000000,55916.00000000,934.95194216
2026-03-02T00:00:00Z,55920.00000000,59985.90000000,55800.10000000,58837.10000000,1663.16942725
2026-03-03T00:00:00Z,58850.00000000,59533.40000000,57138.00000000,58853.20000000,1234.71563847
2026-03-04T00:00:00Z,58861.40000000,63738.50000000,58109.50000000,62491.90000000,1554.63554961
2026-03-05T00:00:00Z,62482.90000000,63400.00000000,61001.00000000,61107.10000000,903.22050505
2026-03-06T00:00:00Z,61107.10000000,61480.70000000,58443.10000000,58681.80000000,629.62360535
2026-03-07T00:00:00Z,58681.80000000,59048.90000000,57721.40000000,58012.50000000,312.64883670
2026-03-08T00:00:00Z,58014.80000000,58818.50000000,56900.00000000,57284.00000000,478.90306224
2026-03-09T00:00:00Z,57284.10000000,60086.90000000,57176.20000000,58933.60000000,759.91928645
2026-03-10T00:00:00Z,58929.90000000,61616.00000000,58898.00000000,60265.30000000,1002.93012098
2026-03-11T00:00:00Z,60266.40000000,61620.20000000,59506.80000000,60815.00000000,718.67035654
2026-03-12T00:00:00Z,60820.00000000,61423.80000000,59972.20000000,61218.90000000,732.92577200
2026-03-13T00:00:00Z,61222.50000000,64401.50000000,61091.70000000,62119.70000000,1079.97969070
2026-03-14T00:00:00Z,62119.80000000,62479.70000000,61600.00000000,62443.40000000,255.60861263
2026-03-15T00:00:00Z,62448.70000000,64050.00000000,62147.40000000,63689.60000000,374.55866542
2026-03-16T00:00:00Z,63689.70000000,65138.00000000,63178.20000000,65132.00000000,903.75321071
2026-03-17T00:00:00Z,65132.00000000,66126.00000000,63700.30000000,64083.80000000,635.53235919
2026-03-18T00:00:00Z,64087.10000000,64774.10000000,61500.00000000,62177.20000000,590.95625747
2026-03-19T00:00:00Z,62177.20000000,62377.40000000,59850.00000000,60400.10000000,586.00894451
2026-03-20T00:00:00Z,60403.00000000,61670.00000000,60020.10000000,60946.10000000,468.75404622
2026-03-21T00:00:00Z,60945.40000000,61428.00000000,59252.70000000,59607.60000000,176.18071696
2026-03-22T00:00:00Z,59609.20000000,60197.20000000,58428.50000000,58714.80000000,424.09021252
2026-03-23T00:00:00Z,58704.40000000,61889.10000000,58444.10000000,61076.50000000,730.77893329
2026-03-24T00:00:00Z,61075.40000000,61536.70000000,59582.00000000,60739.80000000,557.33083337
2026-03-25T00:00:00Z,60739.90000000,62139.40000000,60659.20000000,61689.60000000,577.77158581
2026-03-26T00:00:00Z,61689.60000000,61784.00000000,59111.20000000,59648.70000000,592.92847766
2026-03-27T00:00:00Z,59648.70000000,59942.30000000,56950.20000000,57685.90000000,1007.17183790
2026-03-28T00:00:00Z,57685.80000000,58500.00000000,57269.70000000,57699.50000000,498.07421342
2026-03-29T00:00:00Z,57699.60000000,58343.60000000,56591.60000000,57454.40000000,300.30261494
2026-03-30T00:00:00Z,57445.30000000,59291.70000000,57247.80000000,58245.60000000,584.84425650
2026-03-31T00:00:00Z,58249.90000000,59484.40000000,57518.40000000,58968.90000000,681.70069857
2026-04-01T00:00:00Z,58960.00000000,59800.00000000,58400.10000000,58765.70000000,530.95752616
2026-04-02T00:00:00Z,58783.10000000,59218.90000000,57049.50000000,57986.80000000,482.37878726
2026-04-03T00:00:00Z,57980.30000000,58510.60000000,57482.00000000,58130.00000000,256.52538316
2026-04-04T00:00:00Z,58130.00000000,58640.00000000,58000.00000000,58442.30000000,164.48492318
2026-04-05T00:00:00Z,58448.70000000,60035.10000000,57855.50000000,59939.20000000,262.54850023
2026-04-06T00:00:00Z,59950.00000000,60957.10000000,59212.10000000,59654.20000000,384.09937348
2026-04-07T00:00:00Z,59662.30000000,62289.50000000,58559.60000000,61536.90000000,703.67282033
2026-04-08T00:00:00Z,61532.80000000,62222.50000000,60500.00000000,61009.20000000,527.97897517
2026-04-09T00:00:00Z,60982.30000000,62500.00000000,60395.10000000,61420.90000000,531.58356777
2026-04-10T00:00:00Z,61421.30000000,62636.30000000,61161.10000000,62260.60000000,712.57251585
2026-04-11T00:00:00Z,62263.60000000,63000.00000000,61925.00000000,62363.60000000,215.15102341
2026-04-12T00:00:00Z,62370.00000000,62441.10000000,60331.90000000,60631.90000000,455.67563512
2026-04-13T00:00:00Z,60617.40000000,63658.00000000,60400.00000000,63236.90000000,601.23364012
2026-04-14T00:00:00Z,63262.80000000,64466.50000000,62660.30000000,62882.60000000,680.24437759
2026-04-15T00:00:00Z,62881.60000000,63924.30000000,62400.00000000,63365.70000000,421.67891733
2026-04-16T00:00:00Z,63388.60000000,64098.50000000,62242.80000000,63816.70000000,420.91509728
2026-04-17T00:00:00Z,63797.80000000,66382.70000000,63298.30000000,65580.00000000,1042.05175919
2026-04-18T00:00:00Z,65551.90000000,65825.40000000,64167.40000000,64396.90000000,287.75744844
2026-04-19T00:00:00Z,64396.90000000,64930.30000000,62902.60000000,62908.80000000,385.06043820
2026-04-20T00:00:00Z,62912.40000000,64975.90000000,62836.50000000,64406.80000000,427.11385353
2026-04-21T00:00:00Z,64385.00000000,65372.00000000,63829.80000000,65009.30000000,491.34709335
2026-04-22T00:00:00Z,65019.70000000,67846.30000000,64867.30000000,66795.40000000,897.53157894
2026-04-23T00:00:00Z,66795.50000000,67175.50000000,65978.00000000,67007.80000000,459.12834281
2026-04-24T00:00:00Z,67002.60000000,67227.10000000,65961.80000000,66093.90000000,472.78719026
2026-04-25T00:00:00Z,66100.30000000,66499.60000000,65900.00000000,66298.90000000,127.29603738
2026-04-26T00:00:00Z,66305.50000000,67492.40000000,66072.90000000,67194.10000000,212.10196081
2026-04-27T00:00:00Z,67218.70000000,67788.80000000,65232.10000000,66004.00000000,449.13487623
2026-04-28T00:00:00Z,66006.40000000,66099.40000000,64680.50000000,65159.10000000,355.28211747
2026-04-29T00:00:00Z,65158.10000000,66562.90000000,64200.00000000,64852.40000000,431.53795420
2026-04-30T00:00:00Z,64853.10000000,65549.50000000,64590.40000000,65066.30000000,268.00813972
2026-05-01T00:00:00Z,65085.10000000,67108.80000000,65074.70000000,66743.10000000,324.17727070
2026-05-02T00:00:00Z,66749.70000000,67499.90000000,66590.10000000,67107.90000000,142.22737597
2026-05-03T00:00:00Z,67113.50000000,67646.80000000,66622.30000000,66961.80000000,326.52344351
2026-05-04T00:00:00Z,66963.40000000,69054.30000000,66777.00000000,68272.50000000,625.14674198
2026-05-05T00:00:00Z,68301.50000000,69921.30000000,68251.80000000,69078.40000000,550.99515109
2026-05-06T00:00:00Z,69077.70000000,70250.00000000,68923.40000000,69321.60000000,578.41163487
2026-05-07T00:00:00Z,69321.60000000,69602.40000000,67663.30000000,68204.90000000,550.47598635
2026-05-08T00:00:00Z,68202.00000000,68442.40000000,67472.70000000,68064.50000000,330.07501307
2026-05-09T00:00:00Z,68061.60000000,68791.30000000,68004.00000000,68491.00000000,168.41629237
2026-05-10T00:00:00Z,68479.60000000,70081.80000000,68200.00000000,69819.50000000,238.57355929
2026-05-11T00:00:00Z,69850.00000000,69996.80000000,68277.50000000,69386.40000000,299.00377640
2026-05-12T00:00:00Z,69388.40000000,69424.50000000,68065.40000000,68597.80000000,276.10844215
2026-05-13T00:00:00Z,68597.10000000,69472.60000000,67213.00000000,67687.70000000,418.28672794
2026-05-14T00:00:00Z,67692.90000000,70232.50000000,67368.50000000,69510.50000000,397.92167264
2026-05-15T00:00:00Z,69514.40000000,70018.40000000,67666.00000000,68047.50000000,329.30782349
2026-05-16T00:00:00Z,68046.50000000,68152.30000000,66845.60000000,67278.30000000,269.75525098
2026-05-17T00:00:00Z,67268.30000000,67624.50000000,66089.50000000,66670.10000000,162.51268017
2026-05-18T00:00:00Z,66679.10000000,66722.70000000,65315.30000000,66026.50000000,544.14344661
2026-05-19T00:00:00Z,66024.80000000,66433.60000000,65598.60000000,66149.80000000,260.38520916
2026-05-20T00:00:00Z,66150.10000000,67013.30000000,65888.10000000,66657.90000000,248.75829449
2026-05-21T00:00:00Z,66659.90000000,67252.00000000,66201.70000000,66781.10000000,355.08153555
2026-05-22T00:00:00Z,66766.30000000,67003.00000000,64926.20000000,65065.70000000,252.88996040
2026-05-23T00:00:00Z,65061.70000000,66661.00000000,64000.00000000,66058.10000000,264.82218822
2026-05-24T00:00:00Z,66058.50000000,66683.90000000,65365.80000000,66145.50000000,164.07972450
2026-05-25T00:00:00Z,66145.50000000,66820.40000000,66020.90000000,66416.80000000,197.38771148
2026-05-26T00:00:00Z,66416.80000000,67118.70000000,64980.00000000,65168.40000000,483.36535313
2026-05-27T00:00:00Z,65170.70000000,65306.30000000,63785.20000000,63991.10000000,437.51034150
2026-05-28T00:00:00Z,63986.70000000,64091.10000000,62308.30000000,63101.10000000,458.75402007
2026-05-29T00:00:00Z,63105.50000000,63624.60000000,62190.00000000,62944.40000000,381.94095895
2026-05-30T00:00:00Z,62943.60000000,63500.00000000,62750.00000000,63275.20000000,150.53765441
2026-05-31T00:00:00Z,63277.30000000,63610.50000000,62888.00000000,63167.30000000,108.91832510
2026-06-01T00:00:00Z,63167.40000000,63516.10000000,60751.00000000,61318.60000000,790.10815352
2026-06-02T00:00:00Z,61301.70000000,61310.20000000,56905.00000000,57385.20000000,1145.76822616
2026-06-03T00:00:00Z,57385.50000000,58072.10000000,55150.10000000,55188.50000000,806.66455216
2026-06-04T00:00:00Z,55199.90000000,55763.50000000,52854.40000000,54981.30000000,1270.00770198
2026-06-05T00:00:00Z,54969.70000000,55055.40000000,51327.70000000,53017.00000000,1472.45127250
2026-06-06T00:00:00Z,53030.10000000,53438.80000000,51719.10000000,52923.10000000,507.47744679
2026-06-07T00:00:00Z,52920.30000000,55862.10000000,52809.30000000,54961.10000000,834.50938469
2026-06-08T00:00:00Z,54961.10000000,55630.50000000,54140.10000000,54711.60000000,673.07494860
2026-06-09T00:00:00Z,54721.60000000,54995.80000000,52684.20000000,53495.50000000,651.71140544
2026-06-10T00:00:00Z,53504.30000000,54399.80000000,52600.00000000,53294.20000000,569.63673890
2026-06-11T00:00:00Z,53294.90000000,55186.10000000,53290.80000000,54919.10000000,520.01831939
2026-06-12T00:00:00Z,54924.90000000,55594.20000000,54282.10000000,54945.30000000,442.89555264
2026-06-13T00:00:00Z,54945.40000000,55999.00000000,54830.00000000,55744.80000000,197.94091380
2026-06-14T00:00:00Z,55744.70000000,56666.00000000,55087.60000000,56662.90000000,243.23068146
2026-06-15T00:00:00Z,56662.90000000,57989.10000000,56338.80000000,57189.00000000,573.82830546
2026-06-16T00:00:00Z,57192.00000000,57709.70000000,56357.90000000,56527.10000000,485.15208244
2026-06-17T00:00:00Z,56526.90000000,57260.60000000,55503.20000000,56014.00000000,498.47351226
2026-06-18T00:00:00Z,56014.00000000,56228.30000000,54221.30000000,54888.80000000,486.43693392
2026-06-19T00:00:00Z,54888.90000000,55450.80000000,54345.00000000,55369.40000000,286.21103170
2026-06-20T00:00:00Z,55369.40000000,56092.90000000,55075.90000000,56020.00000000,171.04110247
2026-06-21T00:00:00Z,56025.60000000,56261.30000000,55161.50000000,55170.20000000,135.70081986
2026-06-22T00:00:00Z,55182.80000000,57365.70000000,55180.60000000,55979.40000000,381.29708618
2026-06-23T00:00:00Z,55979.40000000,56203.10000000,54239.60000000,55060.70000000,616.51305015
2026-06-24T00:00:00Z,55060.70000000,55674.00000000,52026.80000000,53720.20000000,969.78914847
2026-06-25T00:00:00Z,53729.60000000,54491.00000000,51070.00000000,52554.40000000,928.95237357
2026-06-26T00:00:00Z,52567.70000000,53289.30000000,51200.00000000,52725.60000000,638.02129986
2026-06-27T00:00:00Z,52715.60000000,53423.90000000,52505.80000000,52657.90000000,163.02015558
2026-06-28T00:00:00Z,52660.00000000,53108.10000000,51687.00000000,52247.50000000,168.38360093
2026-06-29T00:00:00Z,52248.30000000,53208.70000000,51649.10000000,52694.00000000,676.90231435
2026-06-30T00:00:00Z,52694.00000000,52700.00000000,50869.10000000,51298.00000000,842.90821633
2026-07-01T00:00:00Z,51302.00000000,53899.90000000,50650.10000000,52701.60000000,619.62760254
2026-07-02T00:00:00Z,52701.70000000,54241.10000000,52334.00000000,53831.80000000,549.10101561
2026-07-03T00:00:00Z,53831.90000000,54976.90000000,53511.00000000,54712.90000000,500.22426352
2026-07-04T00:00:00Z,54684.80000000,55475.10000000,54469.10000000,55205.50000000,171.70966705
2026-07-05T00:00:00Z,55205.50000000,55917.30000000,54590.00000000,55603.30000000,207.27043779
2026-07-06T00:00:00Z,55603.70000000,56500.90000000,53656.30000000,55946.40000000,702.05233779
2026-07-07T00:00:00Z,55953.00000000,56217.10000000,54798.50000000,55519.40000000,573.20763868
2026-07-08T00:00:00Z,55547.90000000,55837.70000000,53950.10000000,54524.10000000,517.92357464
2026-07-09T00:00:00Z,54514.10000000,55479.90000000,54000.00000000,55294.90000000,410.43505143
2026-07-10T00:00:00Z,55281.90000000,56596.00000000,55014.50000000,56197.70000000,457.24058733
2026-07-11T00:00:00Z,56197.50000000,56485.40000000,55900.00000000,55900.00000000,122.69773570
2026-07-12T00:00:00Z,55904.40000000,56303.50000000,55752.40000000,55902.40000000,81.70713410
2026-07-13T00:00:00Z,55902.10000000,56463.80000000,54256.00000000,54708.00000000,430.22684355
2026-07-14T00:00:00Z,54705.20000000,57000.00000000,54655.10000000,56885.20000000,599.10449384
2026-07-15T00:00:00Z,56896.40000000,57322.00000000,56338.50000000,56437.50000000,331.84585991
2026-07-16T00:00:00Z,56437.50000000,56686.90000000,55664.90000000,55748.50000000,457.86812201
2026-07-17T00:00:00Z,55748.50000000,56258.50000000,54673.40000000,55880.90000000,422.08218549
2026-07-18T00:00:00Z,55884.50000000,56691.80000000,55835.70000000,56671.10000000,125.95794413
2026-07-19T00:00:00Z,56679.30000000,56772.70000000,56189.90000000,56614.80000000,149.46646968
2026-07-20T00:00:00Z,56614.40000000,57591.20000000,55728.20000000,57129.00000000,481.93303750
2026-07-21T00:00:00Z,57128.10000000,58638.20000000,57041.70000000,58332.80000000,478.16043313
2026-07-22T00:00:00Z,58338.80000000,58480.90000000,57425.00000000,57923.90000000,314.67481808
2026-07-23T00:00:00Z,57925.90000000,58077.80000000,56810.40000000,57185.80000000,635.66047633
2026-07-24T00:00:00Z,57187.50000000,57816.20000000,55972.30000000,56388.70000000,484.71995495
2026-07-25T00:00:00Z,56384.90000000,56695.60000000,56100.00000000,56586.50000000,147.06658577
2026-07-26T00:00:00Z,56592.00000000,57499.00000000,56520.10000000,57349.90000000,154.99768885
2026-07-27T00:00:00Z,57360.40000000,57669.30000000,55929.10000000,56055.10000000,336.09529573
2026-07-28T00:00:00Z,56055.10000000,56193.30000000,55127.30000000,56095.00000000,482.35867146
2026-07-29T00:00:00Z,56086.30000000,56750.00000000,55154.70000000,55742.90000000,373.31812670
2026-07-30T00:00:00Z,55739.70000000,56586.40000000,55460.70000000,56176.50000000,248.91039442
2026-07-31T00:00:00Z,56179.30000000,56800.00000000,54256.10000000,54500.00000000,433.78754666
2026-08-01T00:00:00Z,54513.70000000,54746.90000000,54000.90000000,54487.00000000,144.21749955
2026-08-02T00:00:00Z,54488.90000000,55191.00000000,54469.60000000,55022.50000000,138.60456620
2026-08-03T00:00:00Z,55026.70000000,55625.40000000,54000.00000000,55153.70000000,333.77756064
2026-08-04T00:00:00Z,55155.10000000,55947.20000000,54962.50000000,55556.30000000,365.10169363
2026-08-05T00:00:00Z,55557.50000000,56262.40000000,55268.50000000,55901.40000000,310.21812653
2026-08-06T00:00:00Z,55903.30000000,56299.00000000,55564.20000000,55769.00000000,193.58030150
2026-08-07T00:00:00Z,55785.70000000,56573.90000000,55644.40000000,56158.50000000,234.09964977
2026-08-08T00:00:00Z,56158.00000000,56379.90000000,56073.90000000,56198.50000000,82.44508210
2026-08-09T00:00:00Z,56198.50000000,56599.10000000,56001.00000000,56138.40000000,112.17342737
2026-08-10T00:00:00Z,56141.80000000,56551.90000000,55228.10000000,55364.20000000,261.70813102
2026-08-11T00:00:00Z,55364.20000000,55850.00000000,54750.00000000,55058.60000000,269.96552095
2026-08-12T00:00:00Z,55053.60000000,55781.10000000,54801.90000000,55019.60000000,221.11799166
2026-08-13T00:00:00Z,55021.00000000,55479.30000000,54475.90000000,55006.00000000,239.10559146
2026-08-14T00:00:00Z,55006.40000000,55108.80000000,53992.00000000,54460.80000000,257.63672029
2026-08-15T00:00:00Z,54460.50000000,54587.30000000,54350.00000000,54525.10000000,76.09981035
2026-08-16T00:00:00Z,54525.20000000,54755.90000000,54141.70000000,54299.80000000,92.67763072
2026-08-17T00:00:00Z,54300.00000000,55750.00000000,54138.50000000,55663.30000000,290.67882201
2026-08-18T00:00:00Z,55661.60000000,56106.00000000,55270.70000000,55880.90000000,301.33922781
2026-08-19T00:00:00Z,55877.70000000,59942.00000000,55297.50000000,59346.90000000,923.01620104
2026-08-20T00:00:00Z,59341.50000000,62768.00000000,58972.70000000,62485.80000000,799.44713571
2026-08-21T00:00:00Z,62479.40000000,67926.30000000,62479.40000000,67000.00000000,1359.92687016
2026-08-22T00:00:00Z,66997.30000000,67389.20000000,65160.50000000,65826.00000000,503.28142830
2026-08-23T00:00:00Z,65806.40000000,66795.40000000,64495.80000000,66492.70000000,281.30677709
2026-08-24T00:00:00Z,66515.10000000,68532.50000000,65620.20000000,67699.50000000,696.78005527
2026-08-25T00:00:00Z,67699.50000000,69625.00000000,66500.00000000,67228.80000000,646.14529967
2026-08-26T00:00:00Z,67264.30000000,67960.90000000,66666.00000000,67787.70000000,285.47175613
2026-08-27T00:00:00Z,67812.80000000,69403.00000000,67418.20000000,68904.40000000,358.24584726
2026-08-28T00:00:00Z,68904.50000000,69900.00000000,66311.40000000,67179.90000000,576.95956355
2026-08-29T00:00:00Z,67180.00000000,67660.00000000,66802.40000000,67596.60000000,115.82434892
2026-08-30T00:00:00Z,67587.90000000,68555.00000000,66486.70000000,67047.40000000,239.52671929
2026-08-31T00:00:00Z,67044.10000000,68236.00000000,66772.80000000,67613.40000000,404.47264035
2026-09-01T00:00:00Z,67629.80000000,68200.00000000,65917.40000000,66781.60000000,421.39420492
2026-09-02T00:00:00Z,66781.70000000,67158.80000000,65902.10000000,66748.80000000,421.07442492
2026-09-03T00:00:00Z,66731.00000000,70743.70000000,66402.00000000,69877.50000000,787.39548829
2026-09-04T00:00:00Z,69866.80000000,70043.50000000,67676.50000000,68636.00000000,392.46933141
2026-09-05T00:00:00Z,68641.40000000,69121.20000000,68445.20000000,68753.00000000,113.80969952
2026-09-06T00:00:00Z,68789.10000000,69365.80000000,68312.80000000,69195.90000000,181.52835379
2026-09-07T00:00:00Z,69202.00000000,69282.70000000,67664.60000000,68045.90000000,342.23998756
2026-09-08T00:00:00Z,68045.80000000,68328.60000000,66781.80000000,67483.80000000,330.79428061
2026-09-09T00:00:00Z,67495.40000000,68543.30000000,66852.30000000,67320.60000000,327.12466220
2026-09-10T00:00:00Z,67306.60000000,67483.50000000,65866.30000000,65930.20000000,346.70928153
2026-09-11T00:00:00Z,65944.00000000,68780.00000000,65660.20000000,66586.40000000,443.31303885
2026-09-12T00:00:00Z,66583.40000000,66858.70000000,66485.00000000,66672.10000000,107.79998519
2026-09-13T00:00:00Z,66670.10000000,66771.20000000,65999.20000000,66266.30000000,151.39631402
2026-09-14T00:00:00Z,66262.20000000,68908.60000000,65925.10000000,67689.90000000,353.30789145
2026-09-15T00:00:00Z,67676.50000000,67740.10000000,64927.20000000,65529.00000000,667.30029962
2026-09-16T00:00:00Z,65540.20000000,66583.30000000,65221.50000000,66406.10000000,369.04251812
2026-09-17T00:00:00Z,66411.40000000,67083.70000000,66119.90000000,66549.80000000,304.60157191
2026-09-18T00:00:00Z,66549.10000000,70810.20000000,66414.30000000,70324.30000000,657.54171030
2026-09-19T00:00:00Z,70329.90000000,71279.60000000,70280.30000000,70654.80000000,236.83984005
2026-09-20T00:00:00Z,70641.20000000,70905.00000000,69686.70000000,70662.40000000,219.34074906
2026-09-21T00:00:00Z,70685.70000000,76200.00000000,70382.80000000,75552.60000000,1339.72271190
2026-09-22T00:00:00Z,75535.10000000,75835.00000000,74072.70000000,75289.80000000,501.42573448
2026-09-23T00:00:00Z,75289.10000000,76350.50000000,73300.00000000,74153.20000000,600.63071665
2026-09-24T00:00:00Z,74153.00000000,74681.70000000,72829.30000000,74193.80000000,487.40745606
2026-09-25T00:00:00Z,74193.90000000,74734.70000000,72943.60000000,73839.20000000,406.75036079
2026-09-26T00:00:00Z,73839.20000000,74188.00000000,73552.80000000,74164.70000000,86.77376819
2026-09-27T00:00:00Z,74160.50000000,74773.20000000,73933.50000000,74219.60000000,221.80294555
2026-09-28T00:00:00Z,74231.90000000,74672.20000000,72570.60000000,73415.80000000,437.71358046
2026-09-29T00:00:00Z,73417.60000000,74513.00000000,72794.00000000,73753.50000000,342.18504379
2026-09-30T00:00:00Z,73763.60000000,75345.80000000,73058.20000000,73781.30000000,367.38192959
2026-10-01T00:00:00Z,73775.00000000,75856.80000000,73572.30000000,75429.20000000,500.14017993
2026-10-02T00:00:00Z,75425.00000000,77520.90000000,74560.40000000,75140.30000000,718.50990081
2026-10-03T00:00:00Z,75138.90000000,75636.80000000,75079.30000000,75347.70000000,159.63136634
2026-10-04T00:00:00Z,75347.80000000,77107.80000000,75341.30000000,76887.50000000,232.99926310
