activo,estrategia,rent_total_pct,cagr_pct,vol_anual_pct,sharpe,sortino,max_dd_pct,exposicion_media,num_trades,profit_factor,win_rate_pct,comisiones_totales,num_ordenes,rotacion_anual
BTC/EUR,V8 conjunto + vol 40 %,1265.4399,59.6849,31.1647,1.6566,2.5808,-35.0884,0.3315,13.0000,10.6718,38.4615,12035.1671,134.0000,4.4391
BTC/EUR,V7 v5 Donchian 20/10 + EMA200,145.2128,17.4209,11.8051,1.4184,2.2719,-11.4727,,22.0000,11.7506,63.6364,771.8191,,
BTC/EUR,Comprar y mantener 100 %,8272.7037,120.9418,77.6304,1.4132,2.0973,-83.0877,0.9990,1.0000,inf,100.0000,6831.5455,2.0000,0.6173
BTC/EUR,Comprar y mantener 33% (misma exposición),551.6444,39.8762,26.4653,1.4001,2.0774,-40.7643,0.3407,1.0000,inf,100.0000,651.7902,18.0000,0.4343
BTC/EUR,Efectivo,0.0000,0.0000,0.0000,0.0000,0.0000,0.0000,,,,,,,
ETH/EUR,V8 conjunto + vol 40 %,327.6779,51.5351,30.1759,1.5270,2.4449,-21.2971,0.2294,9.0000,26.6667,44.4444,1688.3624,66.0000,3.3322
ETH/EUR,V7 v5 Donchian 20/10 + EMA200,48.3952,11.9515,10.7647,1.1020,1.6648,-9.9929,,13.0000,10.7392,53.8462,260.8094,,
ETH/EUR,Comprar y mantener 100 %,701.0215,81.3268,96.9153,1.1099,1.6141,-82.6968,0.9984,1.0000,inf,100.0000,725.3501,2.0000,1.2537
ETH/EUR,Comprar y mantener 23% (misma exposición),151.9673,30.2546,22.7448,1.2754,1.9118,-27.5804,0.2340,1.0000,inf,100.0000,220.1173,16.0000,0.5763
ETH/EUR,Efectivo,0.0000,0.0000,0.0000,0.0000,0.0000,0.0000,,,,,,,
